0,100,100,exp(0)-max(200)-min(100)-cc(2)+bp
199663,-100,0,exp(0)-max(200)-min(100)-cc(2)+bp
199861,100,100,exp(0)-max(200)-min(100)-cc(2)+bp
399653,-100,0,exp(0)-max(200)-min(100)-cc(2)+bp
1099685,100,100,exp(0)-max(200)-min(100)-cc(2)+bp
1299660,-100,0,exp(0)-max(200)-min(100)-cc(2)+bp
1299843,100,100,exp(0)-max(200)-min(100)-cc(2)+bp
1499653,-100,0,exp(0)-max(200)-min(100)-cc(2)+bp
2200015,100,100,exp(0)-max(200)-min(100)-cc(2)+bp
2399676,-100,0,exp(0)-max(200)-min(100)-cc(2)+bp
2399917,100,100,exp(0)-max(200)-min(100)-cc(2)+bp
2599668,-100,0,exp(0)-max(200)-min(100)-cc(2)+bp
3299850,100,100,exp(0)-max(200)-min(100)-cc(2)+bp
3499680,-100,0,exp(0)-max(200)-min(100)-cc(2)+bp
3499914,100,100,exp(0)-max(200)-min(100)-cc(2)+bp
3699673,-100,0,exp(0)-max(200)-min(100)-cc(2)+bp
4399862,100,100,exp(0)-max(200)-min(100)-cc(2)+bp
4599663,-100,0,exp(0)-max(200)-min(100)-cc(2)+bp
4599880,100,100,exp(0)-max(200)-min(100)-cc(2)+bp
4799659,-100,0,exp(0)-max(200)-min(100)-cc(2)+bp
5499925,100,100,exp(0)-max(200)-min(100)-cc(2)+bp
5699619,-100,0,exp(0)-max(200)-min(100)-cc(2)+bp
5699827,100,100,exp(0)-max(200)-min(100)-cc(2)+bp
5899623,-100,0,exp(0)-max(200)-min(100)-cc(2)+bp
6599786,100,100,exp(0)-max(200)-min(100)-cc(2)+bp
6799601,-100,0,exp(0)-max(200)-min(100)-cc(2)+bp
6799764,100,100,exp(0)-max(200)-min(100)-cc(2)+bp
6999741,-100,0,exp(0)-max(200)-min(100)-cc(2)+bp
7699914,100,100,exp(0)-max(200)-min(100)-cc(2)+bp
7899579,-100,0,exp(0)-max(200)-min(100)-cc(2)+bp
7899759,100,100,exp(0)-max(200)-min(100)-cc(2)+bp
8099608,-100,0,exp(0)-max(200)-min(100)-cc(2)+bp
8799953,100,100,exp(0)-max(200)-min(100)-cc(2)+bp
8999658,-100,0,exp(0)-max(200)-min(100)-cc(2)+bp
8999819,100,100,exp(0)-max(200)-min(100)-cc(2)+bp
9199651,-100,0,exp(0)-max(200)-min(100)-cc(2)+bp
9900033,100,100,exp(0)-max(200)-min(100)-cc(2)+bp
10099658,-100,0,exp(0)-max(200)-min(100)-cc(2)+bp
10099867,100,100,exp(0)-max(200)-min(100)-cc(2)+bp
10299653,-100,0,exp(0)-max(200)-min(100)-cc(2)+bp
10999875,100,100,exp(0)-max(200)-min(100)-cc(2)+bp
11199816,-100,0,exp(0)-max(200)-min(100)-cc(2)+bp
11200105,100,100,exp(0)-max(200)-min(100)-cc(2)+bp
11399667,-100,0,exp(0)-max(200)-min(100)-cc(2)+bp
12099670,100,100,exp(0)-max(200)-min(100)-cc(2)+bp
12299655,-100,0,exp(0)-max(200)-min(100)-cc(2)+bp
12299826,100,100,exp(0)-max(200)-min(100)-cc(2)+bp
12499669,-100,0,exp(0)-max(200)-min(100)-cc(2)+bp
13199867,100,100,exp(0)-max(200)-min(100)-cc(2)+bp
13399678,-100,0,exp(0)-max(200)-min(100)-cc(2)+bp
13399898,100,100,exp(0)-max(200)-min(100)-cc(2)+bp
13599660,-100,0,exp(0)-max(200)-min(100)-cc(2)+bp
14299951,100,100,exp(0)-max(200)-min(100)-cc(2)+bp
14499676,-100,0,exp(0)-max(200)-min(100)-cc(2)+bp
14499914,100,100,exp(0)-max(200)-min(100)-cc(2)+bp
14699660,-100,0,exp(0)-max(200)-min(100)-cc(2)+bp
15399769,100,100,exp(0)-max(200)-min(100)-cc(2)+bp
15599650,-100,0,exp(0)-max(200)-min(100)-cc(2)+bp
15599947,100,100,exp(0)-max(200)-min(100)-cc(2)+bp
15799564,-100,0,exp(0)-max(200)-min(100)-cc(2)+bp
16499905,100,100,exp(0)-max(200)-min(100)-cc(2)+bp
16699801,-100,0,exp(0)-max(200)-min(100)-cc(2)+bp
16700066,100,100,exp(0)-max(200)-min(100)-cc(2)+bp
16899751,-100,0,exp(0)-max(200)-min(100)-cc(2)+bp
17599764,100,100,exp(0)-max(200)-min(100)-cc(2)+bp
17799775,-100,0,exp(0)-max(200)-min(100)-cc(2)+bp
17799925,100,100,exp(0)-max(200)-min(100)-cc(2)+bp
17999688,-100,0,exp(0)-max(200)-min(100)-cc(2)+bp
18700004,100,100,exp(0)-max(200)-min(100)-cc(2)+bp
18899609,-100,0,exp(0)-max(200)-min(100)-cc(2)+bp
18899897,100,100,exp(0)-max(200)-min(100)-cc(2)+bp
19099740,-100,0,exp(0)-max(200)-min(100)-cc(2)+bp
19799883,100,100,exp(0)-max(200)-min(100)-cc(2)+bp
19999594,-100,0,exp(0)-max(200)-min(100)-cc(2)+bp
19999812,100,100,exp(0)-max(200)-min(100)-cc(2)+bp
20199599,-100,0,exp(0)-max(200)-min(100)-cc(2)+bp
20899771,100,100,exp(0)-max(200)-min(100)-cc(2)+bp
21099635,-100,0,exp(0)-max(200)-min(100)-cc(2)+bp
21099950,100,100,exp(0)-max(200)-min(100)-cc(2)+bp
21299613,-100,0,exp(0)-max(200)-min(100)-cc(2)+bp
21999747,100,100,exp(0)-max(200)-min(100)-cc(2)+bp
22199610,-100,0,exp(0)-max(200)-min(100)-cc(2)+bp
22199811,100,100,exp(0)-max(200)-min(100)-cc(2)+bp
22399625,-100,0,exp(0)-max(200)-min(100)-cc(2)+bp
23100031,100,100,exp(0)-max(200)-min(100)-cc(2)+bp
23299674,-100,0,exp(0)-max(200)-min(100)-cc(2)+bp
23299933,100,100,exp(0)-max(200)-min(100)-cc(2)+bp
23499622,-100,0,exp(0)-max(200)-min(100)-cc(2)+bp
24199926,100,100,exp(0)-max(200)-min(100)-cc(2)+bp
24399761,-100,0,exp(0)-max(200)-min(100)-cc(2)+bp
24399929,100,100,exp(0)-max(200)-min(100)-cc(2)+bp
24599726,-100,0,exp(0)-max(200)-min(100)-cc(2)+bp
25300079,100,100,exp(0)-max(200)-min(100)-cc(2)+bp
25499617,-100,0,exp(0)-max(200)-min(100)-cc(2)+bp
25499920,100,100,exp(0)-max(200)-min(100)-cc(2)+bp
25699667,-100,0,exp(0)-max(200)-min(100)-cc(2)+bp
26399944,100,100,exp(0)-max(200)-min(100)-cc(2)+bp
26599624,-100,0,exp(0)-max(200)-min(100)-cc(2)+bp
26599898,100,100,exp(0)-max(200)-min(100)-cc(2)+bp
26799656,-100,0,exp(0)-max(200)-min(100)-cc(2)+bp
0,100,100,exp(1)-max(200)-min(100)-cc(4)+bp
199925,-100,0,exp(1)-max(200)-min(100)-cc(4)+bp
200147,100,100,exp(1)-max(200)-min(100)-cc(4)+bp
400009,-100,0,exp(1)-max(200)-min(100)-cc(4)+bp
400340,100,100,exp(1)-max(200)-min(100)-cc(4)+bp
599894,-100,0,exp(1)-max(200)-min(100)-cc(4)+bp
600231,100,100,exp(1)-max(200)-min(100)-cc(4)+bp
799871,-100,0,exp(1)-max(200)-min(100)-cc(4)+bp
1100120,100,100,exp(1)-max(200)-min(100)-cc(4)+bp
1299738,-100,0,exp(1)-max(200)-min(100)-cc(4)+bp
1300107,100,100,exp(1)-max(200)-min(100)-cc(4)+bp
1499919,-100,0,exp(1)-max(200)-min(100)-cc(4)+bp
1500182,100,100,exp(1)-max(200)-min(100)-cc(4)+bp
1699853,-100,0,exp(1)-max(200)-min(100)-cc(4)+bp
1700095,100,100,exp(1)-max(200)-min(100)-cc(4)+bp
1899737,-100,0,exp(1)-max(200)-min(100)-cc(4)+bp
2200230,100,100,exp(1)-max(200)-min(100)-cc(4)+bp
2399721,-100,0,exp(1)-max(200)-min(100)-cc(4)+bp
2400001,100,100,exp(1)-max(200)-min(100)-cc(4)+bp
2599991,-100,0,exp(1)-max(200)-min(100)-cc(4)+bp
2600300,100,100,exp(1)-max(200)-min(100)-cc(4)+bp
2799791,-100,0,exp(1)-max(200)-min(100)-cc(4)+bp
2800148,100,100,exp(1)-max(200)-min(100)-cc(4)+bp
2999736,-100,0,exp(1)-max(200)-min(100)-cc(4)+bp
3299938,100,100,exp(1)-max(200)-min(100)-cc(4)+bp
3499944,-100,0,exp(1)-max(200)-min(100)-cc(4)+bp
3500295,100,100,exp(1)-max(200)-min(100)-cc(4)+bp
3699738,-100,0,exp(1)-max(200)-min(100)-cc(4)+bp
3699913,100,100,exp(1)-max(200)-min(100)-cc(4)+bp
3899735,-100,0,exp(1)-max(200)-min(100)-cc(4)+bp
3900016,100,100,exp(1)-max(200)-min(100)-cc(4)+bp
4099727,-100,0,exp(1)-max(200)-min(100)-cc(4)+bp
4399885,100,100,exp(1)-max(200)-min(100)-cc(4)+bp
4599892,-100,0,exp(1)-max(200)-min(100)-cc(4)+bp
4600133,100,100,exp(1)-max(200)-min(100)-cc(4)+bp
4799869,-100,0,exp(1)-max(200)-min(100)-cc(4)+bp
4800247,100,100,exp(1)-max(200)-min(100)-cc(4)+bp
4999742,-100,0,exp(1)-max(200)-min(100)-cc(4)+bp
4999956,100,100,exp(1)-max(200)-min(100)-cc(4)+bp
5199753,-100,0,exp(1)-max(200)-min(100)-cc(4)+bp
5499978,100,100,exp(1)-max(200)-min(100)-cc(4)+bp
5699887,-100,0,exp(1)-max(200)-min(100)-cc(4)+bp
5700212,100,100,exp(1)-max(200)-min(100)-cc(4)+bp
5899902,-100,0,exp(1)-max(200)-min(100)-cc(4)+bp
5900139,100,100,exp(1)-max(200)-min(100)-cc(4)+bp
6099752,-100,0,exp(1)-max(200)-min(100)-cc(4)+bp
6099930,100,100,exp(1)-max(200)-min(100)-cc(4)+bp
6299771,-100,0,exp(1)-max(200)-min(100)-cc(4)+bp
6599902,100,100,exp(1)-max(200)-min(100)-cc(4)+bp
6799887,-100,0,exp(1)-max(200)-min(100)-cc(4)+bp
6800121,100,100,exp(1)-max(200)-min(100)-cc(4)+bp
6999970,-100,0,exp(1)-max(200)-min(100)-cc(4)+bp
7000372,100,100,exp(1)-max(200)-min(100)-cc(4)+bp
7199779,-100,0,exp(1)-max(200)-min(100)-cc(4)+bp
7200029,100,100,exp(1)-max(200)-min(100)-cc(4)+bp
7399771,-100,0,exp(1)-max(200)-min(100)-cc(4)+bp
7699854,100,100,exp(1)-max(200)-min(100)-cc(4)+bp
7899869,-100,0,exp(1)-max(200)-min(100)-cc(4)+bp
7900243,100,100,exp(1)-max(200)-min(100)-cc(4)+bp
8099892,-100,0,exp(1)-max(200)-min(100)-cc(4)+bp
8100068,100,100,exp(1)-max(200)-min(100)-cc(4)+bp
8299837,-100,0,exp(1)-max(200)-min(100)-cc(4)+bp
8300096,100,100,exp(1)-max(200)-min(100)-cc(4)+bp
8499837,-100,0,exp(1)-max(200)-min(100)-cc(4)+bp
8800031,100,100,exp(1)-max(200)-min(100)-cc(4)+bp
8999739,-100,0,exp(1)-max(200)-min(100)-cc(4)+bp
8999911,100,100,exp(1)-max(200)-min(100)-cc(4)+bp
9199779,-100,0,exp(1)-max(200)-min(100)-cc(4)+bp
9200197,100,100,exp(1)-max(200)-min(100)-cc(4)+bp
9399822,-100,0,exp(1)-max(200)-min(100)-cc(4)+bp
9400046,100,100,exp(1)-max(200)-min(100)-cc(4)+bp
9599763,-100,0,exp(1)-max(200)-min(100)-cc(4)+bp
9900071,100,100,exp(1)-max(200)-min(100)-cc(4)+bp
10100023,-100,0,exp(1)-max(200)-min(100)-cc(4)+bp
10100456,100,100,exp(1)-max(200)-min(100)-cc(4)+bp
10299984,-100,0,exp(1)-max(200)-min(100)-cc(4)+bp
10300279,100,100,exp(1)-max(200)-min(100)-cc(4)+bp
10499802,-100,0,exp(1)-max(200)-min(100)-cc(4)+bp
10500031,100,100,exp(1)-max(200)-min(100)-cc(4)+bp
10699788,-100,0,exp(1)-max(200)-min(100)-cc(4)+bp
10999968,100,100,exp(1)-max(200)-min(100)-cc(4)+bp
11199876,-100,0,exp(1)-max(200)-min(100)-cc(4)+bp
11200084,100,100,exp(1)-max(200)-min(100)-cc(4)+bp
11400005,-100,0,exp(1)-max(200)-min(100)-cc(4)+bp
11400295,100,100,exp(1)-max(200)-min(100)-cc(4)+bp
11599764,-100,0,exp(1)-max(200)-min(100)-cc(4)+bp
11599997,100,100,exp(1)-max(200)-min(100)-cc(4)+bp
11799752,-100,0,exp(1)-max(200)-min(100)-cc(4)+bp
12099938,100,100,exp(1)-max(200)-min(100)-cc(4)+bp
12299970,-100,0,exp(1)-max(200)-min(100)-cc(4)+bp
12300233,100,100,exp(1)-max(200)-min(100)-cc(4)+bp
12499791,-100,0,exp(1)-max(200)-min(100)-cc(4)+bp
12500073,100,100,exp(1)-max(200)-min(100)-cc(4)+bp
12699728,-100,0,exp(1)-max(200)-min(100)-cc(4)+bp
12699953,100,100,exp(1)-max(200)-min(100)-cc(4)+bp
12899726,-100,0,exp(1)-max(200)-min(100)-cc(4)+bp
13200002,100,100,exp(1)-max(200)-min(100)-cc(4)+bp
13399752,-100,0,exp(1)-max(200)-min(100)-cc(4)+bp
13399979,100,100,exp(1)-max(200)-min(100)-cc(4)+bp
13599723,-100,0,exp(1)-max(200)-min(100)-cc(4)+bp
0,100,100,exp(2)-max(200)-min(100)-cc(8)+bp
199846,-100,0,exp(2)-max(200)-min(100)-cc(8)+bp
200016,100,100,exp(2)-max(200)-min(100)-cc(8)+bp
399742,-100,0,exp(2)-max(200)-min(100)-cc(8)+bp
400011,100,100,exp(2)-max(200)-min(100)-cc(8)+bp
599730,-100,0,exp(2)-max(200)-min(100)-cc(8)+bp
599904,100,100,exp(2)-max(200)-min(100)-cc(8)+bp
799746,-100,0,exp(2)-max(200)-min(100)-cc(8)+bp
799951,100,100,exp(2)-max(200)-min(100)-cc(8)+bp
999796,-100,0,exp(2)-max(200)-min(100)-cc(8)+bp
1000088,100,100,exp(2)-max(200)-min(100)-cc(8)+bp
1199824,-100,0,exp(2)-max(200)-min(100)-cc(8)+bp
1200042,100,100,exp(2)-max(200)-min(100)-cc(8)+bp
1399824,-100,0,exp(2)-max(200)-min(100)-cc(8)+bp
1400011,100,100,exp(2)-max(200)-min(100)-cc(8)+bp
1599824,-100,0,exp(2)-max(200)-min(100)-cc(8)+bp
1600088,100,100,exp(2)-max(200)-min(100)-cc(8)+bp
1799829,-100,0,exp(2)-max(200)-min(100)-cc(8)+bp
1800006,100,100,exp(2)-max(200)-min(100)-cc(8)+bp
1999946,-100,0,exp(2)-max(200)-min(100)-cc(8)+bp
2000186,100,100,exp(2)-max(200)-min(100)-cc(8)+bp
2199812,-100,0,exp(2)-max(200)-min(100)-cc(8)+bp
2199972,100,100,exp(2)-max(200)-min(100)-cc(8)+bp
2399731,-100,0,exp(2)-max(200)-min(100)-cc(8)+bp
2399950,100,100,exp(2)-max(200)-min(100)-cc(8)+bp
2599722,-100,0,exp(2)-max(200)-min(100)-cc(8)+bp
2600012,100,100,exp(2)-max(200)-min(100)-cc(8)+bp
2799787,-100,0,exp(2)-max(200)-min(100)-cc(8)+bp
2800082,100,100,exp(2)-max(200)-min(100)-cc(8)+bp
2999783,-100,0,exp(2)-max(200)-min(100)-cc(8)+bp
3000024,100,100,exp(2)-max(200)-min(100)-cc(8)+bp
3199776,-100,0,exp(2)-max(200)-min(100)-cc(8)+bp
3200046,100,100,exp(2)-max(200)-min(100)-cc(8)+bp
3399932,-100,0,exp(2)-max(200)-min(100)-cc(8)+bp
3400163,100,100,exp(2)-max(200)-min(100)-cc(8)+bp
3599937,-100,0,exp(2)-max(200)-min(100)-cc(8)+bp
3600142,100,100,exp(2)-max(200)-min(100)-cc(8)+bp
3799747,-100,0,exp(2)-max(200)-min(100)-cc(8)+bp
3799972,100,100,exp(2)-max(200)-min(100)-cc(8)+bp
3999787,-100,0,exp(2)-max(200)-min(100)-cc(8)+bp
4000014,100,100,exp(2)-max(200)-min(100)-cc(8)+bp
4199777,-100,0,exp(2)-max(200)-min(100)-cc(8)+bp
4199968,100,100,exp(2)-max(200)-min(100)-cc(8)+bp
4399837,-100,0,exp(2)-max(200)-min(100)-cc(8)+bp
4400415,100,100,exp(2)-max(200)-min(100)-cc(8)+bp
4599784,-100,0,exp(2)-max(200)-min(100)-cc(8)+bp
4599994,100,100,exp(2)-max(200)-min(100)-cc(8)+bp
4799785,-100,0,exp(2)-max(200)-min(100)-cc(8)+bp
4800133,100,100,exp(2)-max(200)-min(100)-cc(8)+bp
4999787,-100,0,exp(2)-max(200)-min(100)-cc(8)+bp
4999997,100,100,exp(2)-max(200)-min(100)-cc(8)+bp
5199790,-100,0,exp(2)-max(200)-min(100)-cc(8)+bp
5200005,100,100,exp(2)-max(200)-min(100)-cc(8)+bp
5399779,-100,0,exp(2)-max(200)-min(100)-cc(8)+bp
5399937,100,100,exp(2)-max(200)-min(100)-cc(8)+bp
5599790,-100,0,exp(2)-max(200)-min(100)-cc(8)+bp
5600028,100,100,exp(2)-max(200)-min(100)-cc(8)+bp
5799791,-100,0,exp(2)-max(200)-min(100)-cc(8)+bp
5800035,100,100,exp(2)-max(200)-min(100)-cc(8)+bp
5999791,-100,0,exp(2)-max(200)-min(100)-cc(8)+bp
6000003,100,100,exp(2)-max(200)-min(100)-cc(8)+bp
6199791,-100,0,exp(2)-max(200)-min(100)-cc(8)+bp
6200004,100,100,exp(2)-max(200)-min(100)-cc(8)+bp
6399780,-100,0,exp(2)-max(200)-min(100)-cc(8)+bp
6400022,100,100,exp(2)-max(200)-min(100)-cc(8)+bp
6599791,-100,0,exp(2)-max(200)-min(100)-cc(8)+bp
6600020,100,100,exp(2)-max(200)-min(100)-cc(8)+bp
6799790,-100,0,exp(2)-max(200)-min(100)-cc(8)+bp
6800030,100,100,exp(2)-max(200)-min(100)-cc(8)+bp
6999790,-100,0,exp(2)-max(200)-min(100)-cc(8)+bp
7000008,100,100,exp(2)-max(200)-min(100)-cc(8)+bp
7199789,-100,0,exp(2)-max(200)-min(100)-cc(8)+bp
7200027,100,100,exp(2)-max(200)-min(100)-cc(8)+bp
7399778,-100,0,exp(2)-max(200)-min(100)-cc(8)+bp
7399975,100,100,exp(2)-max(200)-min(100)-cc(8)+bp
7599698,-100,0,exp(2)-max(200)-min(100)-cc(8)+bp
7599891,100,100,exp(2)-max(200)-min(100)-cc(8)+bp
7799790,-100,0,exp(2)-max(200)-min(100)-cc(8)+bp
7800004,100,100,exp(2)-max(200)-min(100)-cc(8)+bp
7999793,-100,0,exp(2)-max(200)-min(100)-cc(8)+bp
8000143,100,100,exp(2)-max(200)-min(100)-cc(8)+bp
8199793,-100,0,exp(2)-max(200)-min(100)-cc(8)+bp
8200012,100,100,exp(2)-max(200)-min(100)-cc(8)+bp
8399780,-100,0,exp(2)-max(200)-min(100)-cc(8)+bp
8399947,100,100,exp(2)-max(200)-min(100)-cc(8)+bp
8599703,-100,0,exp(2)-max(200)-min(100)-cc(8)+bp
8599892,100,100,exp(2)-max(200)-min(100)-cc(8)+bp
8799792,-100,0,exp(2)-max(200)-min(100)-cc(8)+bp
8800013,100,100,exp(2)-max(200)-min(100)-cc(8)+bp
8999789,-100,0,exp(2)-max(200)-min(100)-cc(8)+bp
9000061,100,100,exp(2)-max(200)-min(100)-cc(8)+bp
9199787,-100,0,exp(2)-max(200)-min(100)-cc(8)+bp
9200043,100,100,exp(2)-max(200)-min(100)-cc(8)+bp
9399779,-100,0,exp(2)-max(200)-min(100)-cc(8)+bp
9399944,100,100,exp(2)-max(200)-min(100)-cc(8)+bp
9599681,-100,0,exp(2)-max(200)-min(100)-cc(8)+bp
9599965,100,100,exp(2)-max(200)-min(100)-cc(8)+bp
9799786,-100,0,exp(2)-max(200)-min(100)-cc(8)+bp
9800004,100,100,exp(2)-max(200)-min(100)-cc(8)+bp
9999772,-100,0,exp(2)-max(200)-min(100)-cc(8)+bp
0,100,100,exp(3)-max(200)-min(100)-cc(16)+bp
199837,-100,0,exp(3)-max(200)-min(100)-cc(16)+bp
200038,100,100,exp(3)-max(200)-min(100)-cc(16)+bp
399599,-100,0,exp(3)-max(200)-min(100)-cc(16)+bp
399968,100,100,exp(3)-max(200)-min(100)-cc(16)+bp
599629,-100,0,exp(3)-max(200)-min(100)-cc(16)+bp
599779,100,100,exp(3)-max(200)-min(100)-cc(16)+bp
799842,-100,0,exp(3)-max(200)-min(100)-cc(16)+bp
800129,100,100,exp(3)-max(200)-min(100)-cc(16)+bp
999812,-100,0,exp(3)-max(200)-min(100)-cc(16)+bp
999989,100,100,exp(3)-max(200)-min(100)-cc(16)+bp
1199823,-100,0,exp(3)-max(200)-min(100)-cc(16)+bp
1200016,100,100,exp(3)-max(200)-min(100)-cc(16)+bp
1399623,-100,0,exp(3)-max(200)-min(100)-cc(16)+bp
1400036,100,100,exp(3)-max(200)-min(100)-cc(16)+bp
1599561,-100,0,exp(3)-max(200)-min(100)-cc(16)+bp
1599741,100,100,exp(3)-max(200)-min(100)-cc(16)+bp
1799817,-100,0,exp(3)-max(200)-min(100)-cc(16)+bp
1800046,100,100,exp(3)-max(200)-min(100)-cc(16)+bp
1999664,-100,0,exp(3)-max(200)-min(100)-cc(16)+bp
1999887,100,100,exp(3)-max(200)-min(100)-cc(16)+bp
2199704,-100,0,exp(3)-max(200)-min(100)-cc(16)+bp
2199878,100,100,exp(3)-max(200)-min(100)-cc(16)+bp
2399565,-100,0,exp(3)-max(200)-min(100)-cc(16)+bp
2399870,100,100,exp(3)-max(200)-min(100)-cc(16)+bp
2602706,-100,0,exp(3)-max(200)-min(100)-cc(16)+bp
2602871,100,100,exp(3)-max(200)-min(100)-cc(16)+bp
2802694,-100,0,exp(3)-max(200)-min(100)-cc(16)+bp
2803008,100,100,exp(3)-max(200)-min(100)-cc(16)+bp
3002697,-100,0,exp(3)-max(200)-min(100)-cc(16)+bp
3003046,100,100,exp(3)-max(200)-min(100)-cc(16)+bp
3203700,-100,0,exp(3)-max(200)-min(100)-cc(16)+bp
3203972,100,100,exp(3)-max(200)-min(100)-cc(16)+bp
3403596,-100,0,exp(3)-max(200)-min(100)-cc(16)+bp
3403862,100,100,exp(3)-max(200)-min(100)-cc(16)+bp
3603650,-100,0,exp(3)-max(200)-min(100)-cc(16)+bp
3603847,100,100,exp(3)-max(200)-min(100)-cc(16)+bp
3803679,-100,0,exp(3)-max(200)-min(100)-cc(16)+bp
3803838,100,100,exp(3)-max(200)-min(100)-cc(16)+bp
4003681,-100,0,exp(3)-max(200)-min(100)-cc(16)+bp
4004023,100,100,exp(3)-max(200)-min(100)-cc(16)+bp
4203647,-100,0,exp(3)-max(200)-min(100)-cc(16)+bp
4203845,100,100,exp(3)-max(200)-min(100)-cc(16)+bp
4403605,-100,0,exp(3)-max(200)-min(100)-cc(16)+bp
4403794,100,100,exp(3)-max(200)-min(100)-cc(16)+bp
4603591,-100,0,exp(3)-max(200)-min(100)-cc(16)+bp
4603763,100,100,exp(3)-max(200)-min(100)-cc(16)+bp
4803647,-100,0,exp(3)-max(200)-min(100)-cc(16)+bp
4803857,100,100,exp(3)-max(200)-min(100)-cc(16)+bp
5003643,-100,0,exp(3)-max(200)-min(100)-cc(16)+bp
5003898,100,100,exp(3)-max(200)-min(100)-cc(16)+bp
5203629,-100,0,exp(3)-max(200)-min(100)-cc(16)+bp
5203857,100,100,exp(3)-max(200)-min(100)-cc(16)+bp
5403662,-100,0,exp(3)-max(200)-min(100)-cc(16)+bp
5403831,100,100,exp(3)-max(200)-min(100)-cc(16)+bp
5603624,-100,0,exp(3)-max(200)-min(100)-cc(16)+bp
5604017,100,100,exp(3)-max(200)-min(100)-cc(16)+bp
5803636,-100,0,exp(3)-max(200)-min(100)-cc(16)+bp
5803812,100,100,exp(3)-max(200)-min(100)-cc(16)+bp
6003616,-100,0,exp(3)-max(200)-min(100)-cc(16)+bp
6003814,100,100,exp(3)-max(200)-min(100)-cc(16)+bp
6203724,-100,0,exp(3)-max(200)-min(100)-cc(16)+bp
6203953,100,100,exp(3)-max(200)-min(100)-cc(16)+bp
6403616,-100,0,exp(3)-max(200)-min(100)-cc(16)+bp
6403827,100,100,exp(3)-max(200)-min(100)-cc(16)+bp
6603672,-100,0,exp(3)-max(200)-min(100)-cc(16)+bp
6603929,100,100,exp(3)-max(200)-min(100)-cc(16)+bp
6803671,-100,0,exp(3)-max(200)-min(100)-cc(16)+bp
6803905,100,100,exp(3)-max(200)-min(100)-cc(16)+bp
7003659,-100,0,exp(3)-max(200)-min(100)-cc(16)+bp
7003822,100,100,exp(3)-max(200)-min(100)-cc(16)+bp
7203668,-100,0,exp(3)-max(200)-min(100)-cc(16)+bp
7204007,100,100,exp(3)-max(200)-min(100)-cc(16)+bp
7403583,-100,0,exp(3)-max(200)-min(100)-cc(16)+bp
7403736,100,100,exp(3)-max(200)-min(100)-cc(16)+bp
7603661,-100,0,exp(3)-max(200)-min(100)-cc(16)+bp
7603825,100,100,exp(3)-max(200)-min(100)-cc(16)+bp
7803626,-100,0,exp(3)-max(200)-min(100)-cc(16)+bp
7803842,100,100,exp(3)-max(200)-min(100)-cc(16)+bp
8003660,-100,0,exp(3)-max(200)-min(100)-cc(16)+bp
8003839,100,100,exp(3)-max(200)-min(100)-cc(16)+bp
8203669,-100,0,exp(3)-max(200)-min(100)-cc(16)+bp
8203931,100,100,exp(3)-max(200)-min(100)-cc(16)+bp
8403763,-100,0,exp(3)-max(200)-min(100)-cc(16)+bp
8403917,100,100,exp(3)-max(200)-min(100)-cc(16)+bp
8603666,-100,0,exp(3)-max(200)-min(100)-cc(16)+bp
8603886,100,100,exp(3)-max(200)-min(100)-cc(16)+bp
8803672,-100,0,exp(3)-max(200)-min(100)-cc(16)+bp
8803981,100,100,exp(3)-max(200)-min(100)-cc(16)+bp
9003636,-100,0,exp(3)-max(200)-min(100)-cc(16)+bp
9003774,100,100,exp(3)-max(200)-min(100)-cc(16)+bp
9203670,-100,0,exp(3)-max(200)-min(100)-cc(16)+bp
9203902,100,100,exp(3)-max(200)-min(100)-cc(16)+bp
9403585,-100,0,exp(3)-max(200)-min(100)-cc(16)+bp
9403797,100,100,exp(3)-max(200)-min(100)-cc(16)+bp
9603669,-100,0,exp(3)-max(200)-min(100)-cc(16)+bp
9603879,100,100,exp(3)-max(200)-min(100)-cc(16)+bp
9803670,-100,0,exp(3)-max(200)-min(100)-cc(16)+bp
9803966,100,100,exp(3)-max(200)-min(100)-cc(16)+bp
10003658,-100,0,exp(3)-max(200)-min(100)-cc(16)+bp
0,100,100,exp(4)-max(200)-min(100)-cc(32)+bp
199617,-100,0,exp(4)-max(200)-min(100)-cc(32)+bp
199771,100,100,exp(4)-max(200)-min(100)-cc(32)+bp
399677,-100,0,exp(4)-max(200)-min(100)-cc(32)+bp
399898,100,100,exp(4)-max(200)-min(100)-cc(32)+bp
599738,-100,0,exp(4)-max(200)-min(100)-cc(32)+bp
599900,100,100,exp(4)-max(200)-min(100)-cc(32)+bp
799735,-100,0,exp(4)-max(200)-min(100)-cc(32)+bp
799950,100,100,exp(4)-max(200)-min(100)-cc(32)+bp
999583,-100,0,exp(4)-max(200)-min(100)-cc(32)+bp
999840,100,100,exp(4)-max(200)-min(100)-cc(32)+bp
1199670,-100,0,exp(4)-max(200)-min(100)-cc(32)+bp
1199872,100,100,exp(4)-max(200)-min(100)-cc(32)+bp
1399685,-100,0,exp(4)-max(200)-min(100)-cc(32)+bp
1399921,100,100,exp(4)-max(200)-min(100)-cc(32)+bp
1599672,-100,0,exp(4)-max(200)-min(100)-cc(32)+bp
1599828,100,100,exp(4)-max(200)-min(100)-cc(32)+bp
1799672,-100,0,exp(4)-max(200)-min(100)-cc(32)+bp
1800018,100,100,exp(4)-max(200)-min(100)-cc(32)+bp
1999682,-100,0,exp(4)-max(200)-min(100)-cc(32)+bp
1999919,100,100,exp(4)-max(200)-min(100)-cc(32)+bp
2199681,-100,0,exp(4)-max(200)-min(100)-cc(32)+bp
2199889,100,100,exp(4)-max(200)-min(100)-cc(32)+bp
2399730,-100,0,exp(4)-max(200)-min(100)-cc(32)+bp
2399885,100,100,exp(4)-max(200)-min(100)-cc(32)+bp
2599684,-100,0,exp(4)-max(200)-min(100)-cc(32)+bp
2599908,100,100,exp(4)-max(200)-min(100)-cc(32)+bp
2799676,-100,0,exp(4)-max(200)-min(100)-cc(32)+bp
2800033,100,100,exp(4)-max(200)-min(100)-cc(32)+bp
2999629,-100,0,exp(4)-max(200)-min(100)-cc(32)+bp
2999854,100,100,exp(4)-max(200)-min(100)-cc(32)+bp
3199676,-100,0,exp(4)-max(200)-min(100)-cc(32)+bp
3199866,100,100,exp(4)-max(200)-min(100)-cc(32)+bp
3399676,-100,0,exp(4)-max(200)-min(100)-cc(32)+bp
3399917,100,100,exp(4)-max(200)-min(100)-cc(32)+bp
3599688,-100,0,exp(4)-max(200)-min(100)-cc(32)+bp
3599899,100,100,exp(4)-max(200)-min(100)-cc(32)+bp
3799635,-100,0,exp(4)-max(200)-min(100)-cc(32)+bp
3800013,100,100,exp(4)-max(200)-min(100)-cc(32)+bp
3999675,-100,0,exp(4)-max(200)-min(100)-cc(32)+bp
3999885,100,100,exp(4)-max(200)-min(100)-cc(32)+bp
4199676,-100,0,exp(4)-max(200)-min(100)-cc(32)+bp
4199842,100,100,exp(4)-max(200)-min(100)-cc(32)+bp
4399673,-100,0,exp(4)-max(200)-min(100)-cc(32)+bp
4399884,100,100,exp(4)-max(200)-min(100)-cc(32)+bp
4599688,-100,0,exp(4)-max(200)-min(100)-cc(32)+bp
4599901,100,100,exp(4)-max(200)-min(100)-cc(32)+bp
4799686,-100,0,exp(4)-max(200)-min(100)-cc(32)+bp
4799898,100,100,exp(4)-max(200)-min(100)-cc(32)+bp
4999689,-100,0,exp(4)-max(200)-min(100)-cc(32)+bp
5000043,100,100,exp(4)-max(200)-min(100)-cc(32)+bp
5199674,-100,0,exp(4)-max(200)-min(100)-cc(32)+bp
5199842,100,100,exp(4)-max(200)-min(100)-cc(32)+bp
5399658,-100,0,exp(4)-max(200)-min(100)-cc(32)+bp
5399872,100,100,exp(4)-max(200)-min(100)-cc(32)+bp
5599673,-100,0,exp(4)-max(200)-min(100)-cc(32)+bp
5599864,100,100,exp(4)-max(200)-min(100)-cc(32)+bp
5799682,-100,0,exp(4)-max(200)-min(100)-cc(32)+bp
5799899,100,100,exp(4)-max(200)-min(100)-cc(32)+bp
5999695,-100,0,exp(4)-max(200)-min(100)-cc(32)+bp
5999952,100,100,exp(4)-max(200)-min(100)-cc(32)+bp
6199675,-100,0,exp(4)-max(200)-min(100)-cc(32)+bp
6199854,100,100,exp(4)-max(200)-min(100)-cc(32)+bp
6399686,-100,0,exp(4)-max(200)-min(100)-cc(32)+bp
6399907,100,100,exp(4)-max(200)-min(100)-cc(32)+bp
6599685,-100,0,exp(4)-max(200)-min(100)-cc(32)+bp
6600068,100,100,exp(4)-max(200)-min(100)-cc(32)+bp
6799681,-100,0,exp(4)-max(200)-min(100)-cc(32)+bp
6799939,100,100,exp(4)-max(200)-min(100)-cc(32)+bp
6999675,-100,0,exp(4)-max(200)-min(100)-cc(32)+bp
6999831,100,100,exp(4)-max(200)-min(100)-cc(32)+bp
7199671,-100,0,exp(4)-max(200)-min(100)-cc(32)+bp
7199830,100,100,exp(4)-max(200)-min(100)-cc(32)+bp
7399683,-100,0,exp(4)-max(200)-min(100)-cc(32)+bp
7399889,100,100,exp(4)-max(200)-min(100)-cc(32)+bp
7599681,-100,0,exp(4)-max(200)-min(100)-cc(32)+bp
7599943,100,100,exp(4)-max(200)-min(100)-cc(32)+bp
7799599,-100,0,exp(4)-max(200)-min(100)-cc(32)+bp
7799736,100,100,exp(4)-max(200)-min(100)-cc(32)+bp
7999683,-100,0,exp(4)-max(200)-min(100)-cc(32)+bp
7999921,100,100,exp(4)-max(200)-min(100)-cc(32)+bp
8199671,-100,0,exp(4)-max(200)-min(100)-cc(32)+bp
8199930,100,100,exp(4)-max(200)-min(100)-cc(32)+bp
8399673,-100,0,exp(4)-max(200)-min(100)-cc(32)+bp
8399832,100,100,exp(4)-max(200)-min(100)-cc(32)+bp
8599681,-100,0,exp(4)-max(200)-min(100)-cc(32)+bp
8599889,100,100,exp(4)-max(200)-min(100)-cc(32)+bp
8799670,-100,0,exp(4)-max(200)-min(100)-cc(32)+bp
8799831,100,100,exp(4)-max(200)-min(100)-cc(32)+bp
8999680,-100,0,exp(4)-max(200)-min(100)-cc(32)+bp
8999883,100,100,exp(4)-max(200)-min(100)-cc(32)+bp
9199672,-100,0,exp(4)-max(200)-min(100)-cc(32)+bp
9199884,100,100,exp(4)-max(200)-min(100)-cc(32)+bp
9399673,-100,0,exp(4)-max(200)-min(100)-cc(32)+bp
9399827,100,100,exp(4)-max(200)-min(100)-cc(32)+bp
9600665,-100,0,exp(4)-max(200)-min(100)-cc(32)+bp
9600832,100,100,exp(4)-max(200)-min(100)-cc(32)+bp
9800673,-100,0,exp(4)-max(200)-min(100)-cc(32)+bp
9800869,100,100,exp(4)-max(200)-min(100)-cc(32)+bp
10000673,-100,0,exp(4)-max(200)-min(100)-cc(32)+bp
0,100,100,exp(5)-max(200)-min(100)-cc(64)+bp
199833,-100,0,exp(5)-max(200)-min(100)-cc(64)+bp
200017,100,100,exp(5)-max(200)-min(100)-cc(64)+bp
399794,-100,0,exp(5)-max(200)-min(100)-cc(64)+bp
400070,100,100,exp(5)-max(200)-min(100)-cc(64)+bp
599744,-100,0,exp(5)-max(200)-min(100)-cc(64)+bp
599928,100,100,exp(5)-max(200)-min(100)-cc(64)+bp
799793,-100,0,exp(5)-max(200)-min(100)-cc(64)+bp
799966,100,100,exp(5)-max(200)-min(100)-cc(64)+bp
999794,-100,0,exp(5)-max(200)-min(100)-cc(64)+bp
1000038,100,100,exp(5)-max(200)-min(100)-cc(64)+bp
1199757,-100,0,exp(5)-max(200)-min(100)-cc(64)+bp
1199919,100,100,exp(5)-max(200)-min(100)-cc(64)+bp
1399632,-100,0,exp(5)-max(200)-min(100)-cc(64)+bp
1399844,100,100,exp(5)-max(200)-min(100)-cc(64)+bp
1599636,-100,0,exp(5)-max(200)-min(100)-cc(64)+bp
1599989,100,100,exp(5)-max(200)-min(100)-cc(64)+bp
1799625,-100,0,exp(5)-max(200)-min(100)-cc(64)+bp
1799786,100,100,exp(5)-max(200)-min(100)-cc(64)+bp
1999634,-100,0,exp(5)-max(200)-min(100)-cc(64)+bp
1999871,100,100,exp(5)-max(200)-min(100)-cc(64)+bp
2199558,-100,0,exp(5)-max(200)-min(100)-cc(64)+bp
2199752,100,100,exp(5)-max(200)-min(100)-cc(64)+bp
2399625,-100,0,exp(5)-max(200)-min(100)-cc(64)+bp
2399826,100,100,exp(5)-max(200)-min(100)-cc(64)+bp
2599637,-100,0,exp(5)-max(200)-min(100)-cc(64)+bp
2599895,100,100,exp(5)-max(200)-min(100)-cc(64)+bp
2799625,-100,0,exp(5)-max(200)-min(100)-cc(64)+bp
2799786,100,100,exp(5)-max(200)-min(100)-cc(64)+bp
2999644,-100,0,exp(5)-max(200)-min(100)-cc(64)+bp
2999847,100,100,exp(5)-max(200)-min(100)-cc(64)+bp
3199702,-100,0,exp(5)-max(200)-min(100)-cc(64)+bp
3199947,100,100,exp(5)-max(200)-min(100)-cc(64)+bp
3399629,-100,0,exp(5)-max(200)-min(100)-cc(64)+bp
3399786,100,100,exp(5)-max(200)-min(100)-cc(64)+bp
3599639,-100,0,exp(5)-max(200)-min(100)-cc(64)+bp
3599854,100,100,exp(5)-max(200)-min(100)-cc(64)+bp
3799629,-100,0,exp(5)-max(200)-min(100)-cc(64)+bp
3799795,100,100,exp(5)-max(200)-min(100)-cc(64)+bp
3999629,-100,0,exp(5)-max(200)-min(100)-cc(64)+bp
3999799,100,100,exp(5)-max(200)-min(100)-cc(64)+bp
4199626,-100,0,exp(5)-max(200)-min(100)-cc(64)+bp
4199824,100,100,exp(5)-max(200)-min(100)-cc(64)+bp
4399628,-100,0,exp(5)-max(200)-min(100)-cc(64)+bp
4399815,100,100,exp(5)-max(200)-min(100)-cc(64)+bp
4599640,-100,0,exp(5)-max(200)-min(100)-cc(64)+bp
4599857,100,100,exp(5)-max(200)-min(100)-cc(64)+bp
4799639,-100,0,exp(5)-max(200)-min(100)-cc(64)+bp
4799960,100,100,exp(5)-max(200)-min(100)-cc(64)+bp
4999640,-100,0,exp(5)-max(200)-min(100)-cc(64)+bp
4999863,100,100,exp(5)-max(200)-min(100)-cc(64)+bp
5199575,-100,0,exp(5)-max(200)-min(100)-cc(64)+bp
5199744,100,100,exp(5)-max(200)-min(100)-cc(64)+bp
5399629,-100,0,exp(5)-max(200)-min(100)-cc(64)+bp
5399797,100,100,exp(5)-max(200)-min(100)-cc(64)+bp
5599628,-100,0,exp(5)-max(200)-min(100)-cc(64)+bp
5599815,100,100,exp(5)-max(200)-min(100)-cc(64)+bp
5799627,-100,0,exp(5)-max(200)-min(100)-cc(64)+bp
5799831,100,100,exp(5)-max(200)-min(100)-cc(64)+bp
5999629,-100,0,exp(5)-max(200)-min(100)-cc(64)+bp
5999792,100,100,exp(5)-max(200)-min(100)-cc(64)+bp
6199619,-100,0,exp(5)-max(200)-min(100)-cc(64)+bp
6199765,100,100,exp(5)-max(200)-min(100)-cc(64)+bp
6399629,-100,0,exp(5)-max(200)-min(100)-cc(64)+bp
6399883,100,100,exp(5)-max(200)-min(100)-cc(64)+bp
6599636,-100,0,exp(5)-max(200)-min(100)-cc(64)+bp
6599877,100,100,exp(5)-max(200)-min(100)-cc(64)+bp
6799627,-100,0,exp(5)-max(200)-min(100)-cc(64)+bp
6799815,100,100,exp(5)-max(200)-min(100)-cc(64)+bp
6999639,-100,0,exp(5)-max(200)-min(100)-cc(64)+bp
6999855,100,100,exp(5)-max(200)-min(100)-cc(64)+bp
7199577,-100,0,exp(5)-max(200)-min(100)-cc(64)+bp
7199761,100,100,exp(5)-max(200)-min(100)-cc(64)+bp
7399629,-100,0,exp(5)-max(200)-min(100)-cc(64)+bp
7399895,100,100,exp(5)-max(200)-min(100)-cc(64)+bp
7599637,-100,0,exp(5)-max(200)-min(100)-cc(64)+bp
7599867,100,100,exp(5)-max(200)-min(100)-cc(64)+bp
7799649,-100,0,exp(5)-max(200)-min(100)-cc(64)+bp
7799876,100,100,exp(5)-max(200)-min(100)-cc(64)+bp
7999634,-100,0,exp(5)-max(200)-min(100)-cc(64)+bp
7999966,100,100,exp(5)-max(200)-min(100)-cc(64)+bp
8199628,-100,0,exp(5)-max(200)-min(100)-cc(64)+bp
8199788,100,100,exp(5)-max(200)-min(100)-cc(64)+bp
8399631,-100,0,exp(5)-max(200)-min(100)-cc(64)+bp
8399840,100,100,exp(5)-max(200)-min(100)-cc(64)+bp
8599633,-100,0,exp(5)-max(200)-min(100)-cc(64)+bp
8599838,100,100,exp(5)-max(200)-min(100)-cc(64)+bp
8799633,-100,0,exp(5)-max(200)-min(100)-cc(64)+bp
8799844,100,100,exp(5)-max(200)-min(100)-cc(64)+bp
8999634,-100,0,exp(5)-max(200)-min(100)-cc(64)+bp
8999896,100,100,exp(5)-max(200)-min(100)-cc(64)+bp
9199587,-100,0,exp(5)-max(200)-min(100)-cc(64)+bp
9199760,100,100,exp(5)-max(200)-min(100)-cc(64)+bp
9399624,-100,0,exp(5)-max(200)-min(100)-cc(64)+bp
9399781,100,100,exp(5)-max(200)-min(100)-cc(64)+bp
9599631,-100,0,exp(5)-max(200)-min(100)-cc(64)+bp
9599945,100,100,exp(5)-max(200)-min(100)-cc(64)+bp
9799631,-100,0,exp(5)-max(200)-min(100)-cc(64)+bp
9799861,100,100,exp(5)-max(200)-min(100)-cc(64)+bp
9999634,-100,0,exp(5)-max(200)-min(100)-cc(64)+bp
0,100,100,exp(6)-max(200)-min(100)-cc(128)+bp
199875,-100,0,exp(6)-max(200)-min(100)-cc(128)+bp
200078,100,100,exp(6)-max(200)-min(100)-cc(128)+bp
399978,-100,0,exp(6)-max(200)-min(100)-cc(128)+bp
400239,100,100,exp(6)-max(200)-min(100)-cc(128)+bp
600017,-100,0,exp(6)-max(200)-min(100)-cc(128)+bp
600195,100,100,exp(6)-max(200)-min(100)-cc(128)+bp
799850,-100,0,exp(6)-max(200)-min(100)-cc(128)+bp
800119,100,100,exp(6)-max(200)-min(100)-cc(128)+bp
1000038,-100,0,exp(6)-max(200)-min(100)-cc(128)+bp
1000521,100,100,exp(6)-max(200)-min(100)-cc(128)+bp
1199865,-100,0,exp(6)-max(200)-min(100)-cc(128)+bp
1200071,100,100,exp(6)-max(200)-min(100)-cc(128)+bp
1399848,-100,0,exp(6)-max(200)-min(100)-cc(128)+bp
1400110,100,100,exp(6)-max(200)-min(100)-cc(128)+bp
1599823,-100,0,exp(6)-max(200)-min(100)-cc(128)+bp
1600075,100,100,exp(6)-max(200)-min(100)-cc(128)+bp
1799911,-100,0,exp(6)-max(200)-min(100)-cc(128)+bp
1800154,100,100,exp(6)-max(200)-min(100)-cc(128)+bp
1999886,-100,0,exp(6)-max(200)-min(100)-cc(128)+bp
2000148,100,100,exp(6)-max(200)-min(100)-cc(128)+bp
2199971,-100,0,exp(6)-max(200)-min(100)-cc(128)+bp
2200133,100,100,exp(6)-max(200)-min(100)-cc(128)+bp
2399930,-100,0,exp(6)-max(200)-min(100)-cc(128)+bp
2400377,100,100,exp(6)-max(200)-min(100)-cc(128)+bp
2599940,-100,0,exp(6)-max(200)-min(100)-cc(128)+bp
2600183,100,100,exp(6)-max(200)-min(100)-cc(128)+bp
2799900,-100,0,exp(6)-max(200)-min(100)-cc(128)+bp
2800143,100,100,exp(6)-max(200)-min(100)-cc(128)+bp
2999881,-100,0,exp(6)-max(200)-min(100)-cc(128)+bp
3000041,100,100,exp(6)-max(200)-min(100)-cc(128)+bp
3199963,-100,0,exp(6)-max(200)-min(100)-cc(128)+bp
3200256,100,100,exp(6)-max(200)-min(100)-cc(128)+bp
3399924,-100,0,exp(6)-max(200)-min(100)-cc(128)+bp
3400264,100,100,exp(6)-max(200)-min(100)-cc(128)+bp
3600051,-100,0,exp(6)-max(200)-min(100)-cc(128)+bp
3600316,100,100,exp(6)-max(200)-min(100)-cc(128)+bp
3799890,-100,0,exp(6)-max(200)-min(100)-cc(128)+bp
3800149,100,100,exp(6)-max(200)-min(100)-cc(128)+bp
3999882,-100,0,exp(6)-max(200)-min(100)-cc(128)+bp
4000248,100,100,exp(6)-max(200)-min(100)-cc(128)+bp
4199922,-100,0,exp(6)-max(200)-min(100)-cc(128)+bp
4200133,100,100,exp(6)-max(200)-min(100)-cc(128)+bp
4399917,-100,0,exp(6)-max(200)-min(100)-cc(128)+bp
4400107,100,100,exp(6)-max(200)-min(100)-cc(128)+bp
4599885,-100,0,exp(6)-max(200)-min(100)-cc(128)+bp
4600067,100,100,exp(6)-max(200)-min(100)-cc(128)+bp
4799922,-100,0,exp(6)-max(200)-min(100)-cc(128)+bp
4800151,100,100,exp(6)-max(200)-min(100)-cc(128)+bp
4999861,-100,0,exp(6)-max(200)-min(100)-cc(128)+bp
5000106,100,100,exp(6)-max(200)-min(100)-cc(128)+bp
5199799,-100,0,exp(6)-max(200)-min(100)-cc(128)+bp
5200110,100,100,exp(6)-max(200)-min(100)-cc(128)+bp
5399923,-100,0,exp(6)-max(200)-min(100)-cc(128)+bp
5400228,100,100,exp(6)-max(200)-min(100)-cc(128)+bp
5599913,-100,0,exp(6)-max(200)-min(100)-cc(128)+bp
5600137,100,100,exp(6)-max(200)-min(100)-cc(128)+bp
5799915,-100,0,exp(6)-max(200)-min(100)-cc(128)+bp
5800072,100,100,exp(6)-max(200)-min(100)-cc(128)+bp
5999862,-100,0,exp(6)-max(200)-min(100)-cc(128)+bp
6000052,100,100,exp(6)-max(200)-min(100)-cc(128)+bp
6199921,-100,0,exp(6)-max(200)-min(100)-cc(128)+bp
6200124,100,100,exp(6)-max(200)-min(100)-cc(128)+bp
6399926,-100,0,exp(6)-max(200)-min(100)-cc(128)+bp
6400230,100,100,exp(6)-max(200)-min(100)-cc(128)+bp
6599927,-100,0,exp(6)-max(200)-min(100)-cc(128)+bp
6600131,100,100,exp(6)-max(200)-min(100)-cc(128)+bp
6799923,-100,0,exp(6)-max(200)-min(100)-cc(128)+bp
6800172,100,100,exp(6)-max(200)-min(100)-cc(128)+bp
6999859,-100,0,exp(6)-max(200)-min(100)-cc(128)+bp
7000098,100,100,exp(6)-max(200)-min(100)-cc(128)+bp
7199887,-100,0,exp(6)-max(200)-min(100)-cc(128)+bp
7200065,100,100,exp(6)-max(200)-min(100)-cc(128)+bp
7399922,-100,0,exp(6)-max(200)-min(100)-cc(128)+bp
7400121,100,100,exp(6)-max(200)-min(100)-cc(128)+bp
7599869,-100,0,exp(6)-max(200)-min(100)-cc(128)+bp
7600133,100,100,exp(6)-max(200)-min(100)-cc(128)+bp
7799913,-100,0,exp(6)-max(200)-min(100)-cc(128)+bp
7800078,100,100,exp(6)-max(200)-min(100)-cc(128)+bp
7999862,-100,0,exp(6)-max(200)-min(100)-cc(128)+bp
8000094,100,100,exp(6)-max(200)-min(100)-cc(128)+bp
8220854,-100,0,exp(6)-max(200)-min(100)-cc(128)+bp
8221040,100,100,exp(6)-max(200)-min(100)-cc(128)+bp
8420850,-100,0,exp(6)-max(200)-min(100)-cc(128)+bp
8421088,100,100,exp(6)-max(200)-min(100)-cc(128)+bp
8620841,-100,0,exp(6)-max(200)-min(100)-cc(128)+bp
8621122,100,100,exp(6)-max(200)-min(100)-cc(128)+bp
8820885,-100,0,exp(6)-max(200)-min(100)-cc(128)+bp
8821101,100,100,exp(6)-max(200)-min(100)-cc(128)+bp
9020954,-100,0,exp(6)-max(200)-min(100)-cc(128)+bp
9021112,100,100,exp(6)-max(200)-min(100)-cc(128)+bp
9220937,-100,0,exp(6)-max(200)-min(100)-cc(128)+bp
9221201,100,100,exp(6)-max(200)-min(100)-cc(128)+bp
9420909,-100,0,exp(6)-max(200)-min(100)-cc(128)+bp
9421068,100,100,exp(6)-max(200)-min(100)-cc(128)+bp
9620855,-100,0,exp(6)-max(200)-min(100)-cc(128)+bp
9621145,100,100,exp(6)-max(200)-min(100)-cc(128)+bp
9820810,-100,0,exp(6)-max(200)-min(100)-cc(128)+bp
9821087,100,100,exp(6)-max(200)-min(100)-cc(128)+bp
10020960,-100,0,exp(6)-max(200)-min(100)-cc(128)+bp
